;species;Head_length;Head_width;Head_height;Nostril_height;Nostril_distance;Orbital_distance;Eye_height;Eye_size;Ear_Opening_Size;Rostral_Length;Jaw_Length;Quadrate.tip_Opening;Trunk_Length;Trunk_Width;Trunk_Height;Tail_Length;Tail_Heigth;Pectoral_Girdle_Width;Pelvic_Girdle_Width;Total_Forelimb_Length;Total_Hindlimb_Length;SVL;Microhabitat;Habitat_Type;Annual_Mean_Temp;Temp_Season;Annual_Precipitation;Prec_Season;Alt;HeadLc;HeadWc;HeadHc;NostrilDc;NostrilHc;OrbitalDc;EyeHc;EyeSc;EarOpeningc;RostralLc;JawLc;QuadrateTipLc;TrunkLc;TrunkWc;TrunkHc;TailLc;TailHc;PectoralGc;PelvicGc;Forelimbc;Hindlimbc;PC1;PC2
Acratosaura_mentalis;Acratosaura_mentalis;10.37;5.77;4.45;1.79;2.42;1.71;2.18;2;2.28;6.97;10.76;12.25;41.84;6.39;3.79;89.29;3.78;6.3;3.58;14.08;21.9;52.22;Ground-dwelling;Savanna;25.1;9.76;661;89;498;-0.037824568;-0.051296993;-0.079162136;0.068860093;-0.084519894;0.022613898;-0.074273122;-0.106410245;-0.034965368;-0.055389205;-0.049323192;-0.032318465;0.013222228;-0.033785038;-0.185891263;-0.05503103;-0.04469897;-0.055959203;-0.047119618;-0.04178677;-0.071834719;15.30422947;1.554127358
Alexandresaurus_camacan;Alexandresaurus_camacan;11.03;6.9;5.66;2.12;3.01;1.9;2.78;2.57;2.25;7.44;12.32;13.11;47.81;7.5;5.54;125.83;4.69;7.11;4.02;13.9;24.01;58.83;Ground-dwelling;Forest;24.2;10.88;1576;11;56;-0.059885185;-0.025476758;-0.030465124;0.118049401;-0.058791869;0.034702765;-0.025659996;-0.051693008;-0.071522946;-0.078674927;-0.041854971;-0.050456568;0.018771137;-0.012212607;-0.083559182;0.039235166;-0.008788287;-0.059471725;-0.030092941;-0.094497451;-0.074756656;11.1914304;8.150828599
Alopoglossus_angulatus;Alopoglossus_angulatus;11.31;7.75;5.66;2.36;2.69;1.5;2.45;3.24;2.81;8.31;12.5;13.39;44.1;9.58;5.99;101.34;4.75;8.42;5.06;17.87;27.78;55.41;Ground-dwelling;Forest;26.2;5.7;1915;58;113;-0.024446977;0.051032311;-0.002445695;0.092130267;0.011781342;-0.051040897;-0.051908348;0.076147606;0.040480674;-0.004704532;-0.009761933;-0.01735704;0.010011314;0.118205876;-0.018216176;-0.027273434;0.025762424;0.042131984;0.086573183;0.038291797;0.010125842;-5.823353557;2.875238646
Alopoglossus_atriventris;Alopoglossus_atriventris;10.08;6.14;4.79;1.96;2.06;1.22;1.92;3.11;2.62;7.26;11.03;11.98;33.67;6.96;4.64;65.28;3.46;6.5;3.98;15.98;24.17;43.75;Ground-dwelling;Forest;25.8;3.8;2690;21;105;0.022403109;0.052689587;0.03560776;0.066564448;0.025791899;-0.074029504;-0.044828761;0.165778102;0.071142269;0.038971357;0.037657751;0.028688142;-0.003352589;0.074578317;-0.0051522;-0.109809842;0.002665685;0.040826971;0.04835023;0.08315771;0.034653337;-12.72687427;-7.24455585
Alopoglossus_brevifrontalis;Alopoglossus_brevifrontalis;7.84;5.63;3.98;1.94;1.99;1.36;2.13;2.01;2.33;5.56;8.97;9.66;33.95;5.56;3.47;59.88;2.96;5.91;3.29;11.32;17.72;41.79;Ground-dwelling;Forest;26.2;5.7;1915;58;113;-0.067952675;0.034970316;-0.023401737;0.069071645;0.039702236;-0.013902755;0.022160096;-0.0029484;0.032043424;-0.057037126;-0.032385673;-0.046484593;0.020386719;-0.004501785;-0.107290791;-0.126266823;-0.042902423;0.02105255;-0.021524745;-0.048450994;-0.083673433;7.311523226;2.753865916
Alopoglossus_copii;Alopoglossus_copii;10.7;6.56;4.65;2.07;2.15;1.27;1.63;2.58;2.73;7.29;10.15;12.76;34.79;7.05;4.33;81.55;3.33;7.1;5.06;16.97;26.35;45.49;Ground-dwelling;Forest;24.7;4.76;3285;17;338;0.032338939;0.064457379;0.004479256;0.070226663;0.033879547;-0.067602871;-0.134586159;0.066906373;0.078923338;0.023868921;-0.015248314;0.040504488;-0.006280785;0.064455269;-0.055646515;-0.031070265;-0.032870159;0.060833688;0.141715691;0.093842951;0.058129122;-10.82506603;-5.692330704
Ameiva_ameiva;Ameiva_ameiva;32.42;17.33;16.7;4.58;3.56;3.61;8.57;7.07;6.04;25.43;34.21;35.56;83.7;19.85;24.89;244;11.87;21.08;6.58;48.3;103.21;116.12;Ground-dwelling;Terrestrial;27.1;4.99;2007;52;36;0.129615262;0.07864502;0.121320945;-0.06900264;0.00329098;0.121372912;0.138225962;0.078656415;0.181583915;0.160566796;0.108842491;0.111312055;-0.036845696;0.136709615;0.212166614;0.014684283;0.064902902;0.092805522;-0.006166787;0.177593618;0.313994678;-38.23093704;-8.510476824
Ameiva_jacuba;Ameiva_jacuba;16.45;9.06;9.51;3.53;2.39;2.99;5.17;4.47;4.37;14.19;19.36;19.89;52.26;9.91;12.1;125;6.53;11.4;3.94;27.09;48.35;68.71;Ground-dwelling;Shrubland;20.2;23.45;1243;55;642;0.050067419;0.02526264;0.122271126;-0.041464452;0.100445309;0.187766241;0.169574352;0.118103097;0.17665147;0.134490709;0.087580958;0.068569363;-0.010801887;0.04629441;0.174258708;-0.03490672;0.059704908;0.072568163;-0.082218038;0.133918252;0.173408583;-27.81261517;-2.597795856
Ameiva_parecis;Ameiva_parecis;20.25;11.41;10.78;3.83;2.94;1.92;5.91;4.82;4.41;15.96;22.48;23.32;62.1;11.32;17.45;181.96;7.83;14.09;4.91;31.52;57.33;82.35;Ground-dwelling;Shrubland;22.9;9.69;1927;71;551;0.066095954;0.046638079;0.091992294;-0.020738575;0.063313956;-0.055757551;0.141107059;0.068516233;0.133805211;0.107104329;0.074484253;0.065335754;-0.015459526;0.031157498;0.238252039;0.045028652;0.050781108;0.079428526;-0.037251378;0.128100217;0.182260292;-25.93419469;-7.334148803
Ameivula_nativo;Ameivula_nativo;13.65;7.45;6.36;2.57;1.63;1.56;3.04;3.51;3.45;10.68;14.25;15.69;33.29;5.71;8.66;129.06;4.31;8.39;4.01;21.7;39;46.94;Ground-dwelling;Shrubland;24.3;16.77;1199;52;26;0.125225348;0.10605869;0.125803886;-0.062019053;0.115270128;0.012854216;0.121100217;0.186328503;0.172469824;0.176121328;0.118587029;0.117744076;-0.039210786;-0.039731322;0.228919252;0.153892807;0.063953929;0.118583482;0.031938498;0.188215023;0.217126919;-41.0070153;-14.18131453
Ameivula_ocellifera;Ameivula_ocellifera;17.8;10.13;9.15;3.57;2.13;2.06;4.98;4.48;3.84;14.01;18.85;20.83;47.97;9.4;12.39;126.01;6.83;11.83;5.23;26.98;52.44;65.77;Ground-dwelling;Savanna;25.5;9.44;1008;93;358;0.102247889;0.092769406;0.125970515;-0.074765558;0.122860645;0.038315705;0.174218044;0.138955057;0.131804082;0.147888618;0.094820646;0.106090602;-0.028783384;0.040955986;0.207490778;-0.011336051;0.100409085;0.109210398;0.053011607;0.149441136;0.22440431;-37.02052387;-7.221334184
Anadia_bogotensis;Anadia_bogotensis;10.75;6.52;5.08;2.08;2.02;1.43;2.22;2.4;2.2;6.78;11.57;12.4;44.58;7.82;5.68;91.81;3.97;6.98;4.21;15.43;21.39;55.33;Ground-dwelling;Forest;13.4;3.46;1255;34;2639;-0.045908848;-0.023393212;-0.048722475;-0.031718324;-0.042488422;-0.071387973;-0.094030781;-0.053529299;-0.065429531;-0.092450032;-0.042716341;-0.050138848;0.015347738;0.03062885;-0.040536545;-0.069501067;-0.051440363;-0.038645326;0.007108637;-0.024895587;-0.102875927;14.226361;0.583621032
Anotosaura_vanzolinia;Anotosaura_vanzolinia;5.88;3.42;2.54;1.32;1.53;1.32;1.32;1.2;1.62;3.55;6.07;6.92;33.41;3.18;2.18;49.85;2.24;3.93;2.91;6.33;9.94;39.29;Fossorial;Savanna;23;12.85;377;80;450;-0.167604401;-0.1546745;-0.18959181;-0.021508662;-0.102809206;-0.009441932;-0.156157051;-0.198918331;-0.109853673;-0.225163664;-0.175422551;-0.166716955;0.040532672;-0.222312419;-0.276795863;-0.177564629;-0.134046029;-0.127137059;-0.057584179;-0.276504446;-0.312562637;53.18751829;6.501160379
Arthrosaura_kockii;Arthrosaura_kockii;10.25;6.78;5.31;2.25;2.27;1.49;2.33;2.61;2.71;7.42;11.17;12.36;36.14;8.31;6.15;74.25;3.77;7.47;4.5;18.18;26.73;46.38;Ground-dwelling;Forest;26.6;5.11;1808;74;237;0.005736414;0.070353622;0.053056166;0.086407196;0.062328348;-0.003693742;0.011319855;0.063118318;0.070722055;0.023152616;0.017994201;0.018933314;0.001737956;0.128065898;0.086573991;-0.080692673;0.011635384;0.073785412;0.085361537;0.116094355;0.057378203;-15.80497041;1.91068648
Arthrosaura_reticulata;Arthrosaura_reticulata;11.05;6.93;5.37;2.3;2.41;1.55;2.36;2.85;2.67;7.45;11.84;13.02;42.56;8.21;5.71;105.94;4.26;7.21;4.7;15.7;24.61;53.61;Ground-dwelling;Forest;26.2;5.7;1915;58;113;-0.021009777;0.016831418;-0.00983788;0.057019417;0.0138292;-0.027471468;-0.052375601;0.035461422;0.026821213;-0.037844652;-0.019097535;-0.016336198;0.009087419;0.064480156;-0.021678568;0.007166257;-0.005514427;-0.009716699;0.063751904;-0.004876189;-0.03061626;-0.80241449;2.686382311
Aspidoscelis_deppii;Aspidoscelis_deppii;16.07;8.99;8.92;2.98;1.87;2.07;4.6;4.5;4.02;13.69;16.77;19.52;45.58;8.21;11.45;145.67;6.76;9.37;6.03;26.89;54.96;61.65;Ground-dwelling;Terrestrial;25.2;15;1477;39;330;0.084361996;0.069063838;0.145178713;-0.106574043;0.070328485;0.058693091;0.17067085;0.170299939;0.168419022;0.16587482;0.071902766;0.103719469;-0.022549578;0.008217639;0.207168858;0.08132672;0.127290996;0.038382832;0.132910287;0.173566768;0.268056818;-37.03063325;-5.517529193
Aspidoscelis_gularis;Aspidoscelis_gularis;15.78;9.17;8.36;3.13;2.31;2;4.56;4.29;3.64;12.5;17.03;18.42;50.99;8.22;12.01;158.61;6.74;11.25;5.32;26.02;56.28;66.77;Ground-dwelling;Terrestrial;19.5;69.34;833;32;251;0.043749101;0.042964232;0.079696054;-0.045301719;0.059690576;0.021215728;0.128739972;0.113273912;0.104674019;0.091824193;0.044225071;0.046663772;-0.008899638;-0.023375761;0.186044544;0.081662067;0.087334028;0.080282806;0.056203399;0.127740307;0.249667989;-23.80090834;-2.531362806
Aspidoscelis_inornatus;Aspidoscelis_inornatus;14.24;8.69;7.32;2.27;2.07;1.74;3.81;3.54;2.81;11.15;15.64;16.85;44.34;7.68;12.49;138.68;5.03;11.34;4.47;23.2;46.56;58.58;Ground-dwelling;Shrubland;21.4;76.33;203;48;348;0.05279499;0.076546663;0.083221837;-0.042918803;-0.02739557;-0.002298591;0.113255935;0.089313219;0.026101543;0.098871623;0.063605124;0.060241585;-0.01208042;-0.000198016;0.271728022;0.083419802;0.023671019;0.145274122;0.017178939;0.129659455;0.214395921;-23.75549968;-6.55192583
Aspidoscelis_marmoratus;Aspidoscelis_marmoratus;17.25;9.16;8.86;3.22;2;2.12;4.72;4.59;3.5;13.74;18.89;20.45;49.51;8.72;12.45;166.96;7.08;11.91;4.23;29.34;56.59;66.76;Ground-dwelling;Terrestrial;18.3;74.36;672;34;428;0.0824926;0.042555533;0.10499357;-0.107826447;0.072062123;0.046563904;0.143788727;0.142697399;0.087679392;0.13296579;0.089306886;0.092127282;-0.021625901;0.002329212;0.201749479;0.104012697;0.108779988;0.105112472;-0.043325998;0.179952343;0.252107468;-29.98943693;-7.801446784
Aspidoscelis_sexlineatus;Aspidoscelis_sexlineatus;14.55;7.98;7.32;2.55;1.76;1.81;3.91;3.97;3.26;11.32;15.75;16.61;41.69;6.82;10.72;133.86;5;9.05;3.97;23.14;47.42;56.24;Ground-dwelling;Terrestrial;17.3;70.83;1148;23;52;0.078858591;0.057264979;0.102293125;-0.097793054;0.039452242;0.026346353;0.143994832;0.157633565;0.101149086;0.123100687;0.084205312;0.070293462;-0.020929408;-0.035361623;0.226750288;0.086770922;0.040832128;0.066477443;-0.022942948;0.144652159;0.237007241;-27.40067985;-10.37363577
Aspidoscelis_tigris;Aspidoscelis_tigris;18.93;10.32;9.41;3.45;2.46;2.43;4.84;4.59;4.07;15.54;20.72;22.22;57.09;10.63;14.56;198.87;7.53;13.85;4.58;33.44;61.41;76.02;Ground-dwelling;Terrestrial;21.4;76.33;203;48;348;0.069608093;0.037828979;0.070381435;-0.06757578;0.049980933;0.069141385;0.092599079;0.083644223;0.119633405;0.130166862;0.073523692;0.076297192;-0.016841849;0.036047464;0.201585466;0.120339528;0.072582084;0.109574936;-0.045109901;0.185402834;0.240886063;-26.95865356;-5.844621229
Aspidoscelis_velox;Aspidoscelis_velox;15.28;8.32;7.4;3.11;2.03;1.97;4.11;3.94;3.4;11.84;16.49;17.77;46.34;7.6;12.19;132.11;6;10.62;3.64;25.5;52.36;61.62;Ground-dwelling;Terrestrial;21.4;76.33;203;48;348;0.062668998;0.035639232;0.06427329;-0.070733545;0.089067633;0.037326468;0.121987517;0.112804933;0.095797689;0.103033905;0.064799983;0.063121493;-0.015153966;-0.025115951;0.234622473;0.03911574;0.075731474;0.092996622;-0.086169583;0.150708588;0.247184805;-23.70070217;-6.726486083
Bachia_bresslaui;Bachia_bresslaui;8.41;4.51;3.75;1.66;1.88;1.43;1.84;1.72;1;5.05;8.18;9.59;72.59;4.19;3.78;146.83;3.26;4.26;4.1;3.11;3.92;81;Fossorial;Savanna;21.2;10.17;1573;76;1087;-0.308757317;-0.34927981;-0.358862233;-0.208609338;-0.293153879;-0.179053425;-0.357761025;-0.371487615;-0.506361168;-0.38547747;-0.357440045;-0.31397215;0.059589709;-0.393819717;-0.417378475;-0.04054433;-0.3217512;-0.432300771;-0.110928552;-0.871190397;-0.97689018;114.6566419;8.880901577
Bachia_dorbignyi;Bachia_dorbignyi;6.2;3.7;3.08;1.61;1.62;1.64;1.66;1.41;1;3.76;6.53;7.42;55.93;3.26;2.79;76.65;2.22;3.4;3.28;2.91;2.11;62.13;Fossorial;Forest;24.3;5.25;1936;73;272;-0.332441455;-0.319868328;-0.320263819;-0.171865449;-0.200169419;-0.044624303;-0.275686401;-0.337219464;-0.4378116;-0.3987002;-0.341057292;-0.319454188;0.062912551;-0.396030607;-0.410101949;-0.201091685;-0.360061978;-0.405524597;-0.133701154;-0.795197437;-1.150497101;110.854789;11.63583064
Bachia_flavescens;Bachia_flavescens;6.57;3.73;2.99;1.37;1.26;1.54;1.49;1.34;1;4.18;6.67;7.54;57.51;3.38;2.62;78.97;2.52;3.41;3.08;3.72;3.62;64.08;Fossorial;Forest;22.9;4.99;3013;46;733;-0.3199358;-0.32980598;-0.347600973;-0.292823455;-0.282656873;-0.080677228;-0.337381077;-0.373383414;-0.445798965;-0.366097623;-0.345153838;-0.324829974;0.061430184;-0.39277411;-0.453620203;-0.202328578;-0.319993449;-0.418779923;-0.169662739;-0.700765769;-0.927186565;114.1762594;6.24197615
Bachia_heteropa;Bachia_heteropa;6.22;3.32;1.87;1.32;1.5;1.82;1.37;1.13;1;3.77;5.72;6.26;46.07;3.64;2.14;51.56;2.06;3.01;2.44;4.24;3.8;52.29;Fossorial;Forest;24.4;9.86;906;38;390;-0.260362068;-0.29191752;-0.456307243;-0.139376102;-0.21733573;0.04931076;-0.276649416;-0.354970815;-0.393246448;-0.322860877;-0.324316357;-0.32441527;0.054460065;-0.27872387;-0.434819596;-0.294135911;-0.308972854;-0.377363131;-0.213987274;-0.563553201;-0.83297707;103.1797479;11.52588454
Bachia_huallagana;Bachia_huallagana;7.31;3.92;3.32;1.57;1.69;1.45;1.88;1.08;1;3.9;6.93;7.83;58.9;3.11;2.87;94.59;2.54;3.67;3.03;3.21;1.89;66.21;Fossorial;Forest;24;4.91;2403;30;650;-0.286987988;-0.322454813;-0.317431871;-0.177807344;-0.23657949;-0.116067054;-0.25204084;-0.48193055;-0.454250496;-0.410373042;-0.342629065;-0.32150008;0.057431975;-0.442096093;-0.431197252;-0.138956795;-0.332409778;-0.402243444;-0.185911287;-0.777731993;-1.221194865;112.6954705;9.678390818
Bachia_micromela;Bachia_micromela;7.59;4.4;3.59;1.53;1.7;1.49;1.92;1.25;1;4.65;7.96;9.03;69.46;3.88;3.11;103.19;3.07;4.39;3.52;3.26;4.41;77.05;Fossorial;Savanna;25.7;3.85;1953;76;362;-0.332817545;-0.338253102;-0.354409893;-0.233206644;-0.308539033;-0.147080361;-0.315378487;-0.487376926;-0.493439423;-0.39966061;-0.347749016;-0.320134465;0.062418533;-0.407072705;-0.475877141;-0.170770376;-0.32359774;-0.395738331;-0.163194679;-0.830966776;-0.90775517;118.1059423;9.078645639
Bachia_oxyrhina;Bachia_oxyrhina;6.87;3.74;2.84;1.21;1.83;1.41;1.38;1.11;1;4.16;6.63;7.56;58.19;3.55;2.44;93.07;2.6;1;3.02;1;2.98;65.07;Fossorial;Savanna;25.1;6.91;1419;80;491;-0.306829108;-0.335313227;-0.377126327;-0.136603668;-0.342734918;-0.123309735;-0.378017152;-0.462135332;-0.44976154;-0.37482137;-0.354368907;-0.329803065;0.059797609;-0.377635298;-0.492576185;-0.138019185;-0.313851821;-0.958743102;-0.182492098;-1.277370264;-1.01719337;123.4437363;13.51346947
Bachia_panoplia;Bachia_panoplia;8.68;5.19;4.09;1.61;1.88;1.74;1.76;2.11;1;5.34;8.82;9.69;67.53;5.22;4.06;155.34;3.51;4.38;3.85;4.95;6.19;76.21;Fossorial;Forest;27.2;4.66;2197;40;79;-0.270046058;-0.261769364;-0.292652698;-0.185307279;-0.282012457;-0.076620792;-0.347926896;-0.255020869;-0.490606186;-0.334824142;-0.298472528;-0.285120112;0.054997856;-0.273820352;-0.354359673;0.011907607;-0.260115711;-0.391574454;-0.121212423;-0.64524517;-0.756560249;96.2383344;9.755917332
Bachia_scolecoides;Bachia_scolecoides;7.74;4.37;3.54;1.9;1.8;1.63;1.84;1.34;1;4.58;7.94;8.82;62.74;3.93;3.29;117.67;2.78;4.04;3.54;3.87;5.34;70.47;Fossorial;Savanna;22.9;9.69;1927;71;551;-0.287725464;-0.302387768;-0.318738739;-0.174258446;-0.178709762;-0.082862105;-0.291188974;-0.416598324;-0.470367097;-0.36758165;-0.310396591;-0.294698949;0.057458141;-0.365570142;-0.404601949;-0.072761996;-0.323422829;-0.389847812;-0.135781005;-0.721179644;-0.792544006;103.484349;11.71759496
Callopistes_maculatus;Callopistes_maculatus;25.41;17.58;13.89;4.73;4.03;2.69;7.02;6.95;5.18;20.02;27.84;30.01;76.5;18.34;26.59;232.14;11.89;19.49;8.28;47;79.39;101.92;Ground-dwelling;Savanna;14.7;27.33;30;118;661;0.077275765;0.141612597;0.102329062;0.03471465;0.069548856;0.030464477;0.113935114;0.130522112;0.148589584;0.113183173;0.075533741;0.089714245;-0.01858777;0.154865825;0.309301315;0.052923988;0.128857139;0.120077895;0.130098619;0.21731493;0.246955032;-40.19878089;0.48146386
Calyptommatus_confusionibus;Calyptommatus_confusionibus;6.49;3.73;3;1.18;1.63;1.45;1.4;0.74;1;3.88;6.35;7.47;57.47;4.21;2.72;43.81;2.58;1;3.16;1;4.77;63.97;Fossorial;Shrubland;24.9;7.02;826;85;630;-0.324552191;-0.329058515;-0.345347131;-0.180349619;-0.346807044;-0.106344611;-0.363618009;-0.630475399;-0.445354906;-0.397697989;-0.365766018;-0.328194493;0.061883048;-0.296716964;-0.436451094;-0.45742874;-0.30894152;-0.950726459;-0.158046116;-1.27062943;-0.806758783;125.2426201;16.86090848
Calyptommatus_leiolepis;Calyptommatus_leiolepis;5.95;3.48;2.58;0.86;1.54;1.7;1.06;0.77;1;3.35;5.58;6.52;47.69;3.39;2.51;38.16;1.96;3.68;3.06;1;4.53;53.63;Fossorial;Savanna;25.8;10.1;649;89;420;-0.290007989;-0.282484848;-0.328366959;-0.137619491;-0.413549634;0.012540389;-0.400160043;-0.533062288;-0.399786454;-0.385117681;-0.345975677;-0.316848566;0.058349204;-0.319813482;-0.37883667;-0.436456578;-0.342848747;-0.301979528;-0.122728791;-1.200923313;-0.765763834;113.8772531;12.0300733
Calyptommatus_nicterus;Calyptommatus_nicterus;5.86;3.49;2.69;0.99;1.56;1.59;1.11;0.76;1;3.61;5.8;6.89;51.5;3.59;2.55;38.38;2.25;1.69;3.01;1;4.64;57.36;Fossorial;Savanna;25.6;10.21;672;88;468;-0.32419006;-0.310491382;-0.341690866;-0.157719161;-0.379353602;-0.035505448;-0.412285282;-0.569308207;-0.41716513;-0.381779851;-0.358139649;-0.319732973;0.06218015;-0.321990984;-0.407251079;-0.464827355;-0.315513253;-0.671556305;-0.148679027;-1.227507495;-0.779529011;120.7389025;14.39594341
Calyptommatus_sinebrachiatus;Calyptommatus_sinebrachiatus;5.89;3.49;2.75;0.85;1.52;1.77;1.1;0.76;1;3.59;5.66;6.56;49.54;3.94;2.71;35.36;2.58;3.49;3.14;1;4.33;55.43;Fossorial;Savanna;21.6;10.63;813;87;1035;-0.307942221;-0.295600969;-0.316098264;-0.15591638;-0.43185633;0.020739167;-0.39985426;-0.55374788;-0.40831892;-0.369367424;-0.354010935;-0.327377918;0.060370133;-0.267808712;-0.362863065;-0.484707748;-0.239486401;-0.340524367;-0.120748563;-1.213975437;-0.797248307;113.9468828;16.67346669
Caparaonia_itaiquara;Caparaonia_itaiquara;6.06;3.58;2.67;1.3;1.53;0.95;1.3;1.59;1.71;4.04;6.3;7.26;20.05;2.66;1.67;40.75;1.61;4.13;2.46;8.46;11.02;26.11;Ground-dwelling;Forest;16;18.2;1485;62;1448;0.01300709;0.042969797;0.023266782;0.134708147;0.054296056;-0.036853392;0.032561893;0.109083509;0.019248696;0.007997856;0.016724079;0.017334772;-0.001641593;-0.1353226;-0.178111606;-0.077501462;-0.079392218;0.086568945;-0.016311031;0.0110312;-0.120780068;-3.76438784;-8.933272083
Cercosaura_eigenmanni;Cercosaura_eigenmanni;10.95;5.65;4.47;1.85;1.84;1.22;2.02;2.26;2.19;7.12;10.96;12.29;31.95;6.52;4.15;49.85;3.36;6.46;3.65;16.47;21.81;42.9;Ground-dwelling;Forest;23.2;12.16;1503;68;388;0.066399321;0.025105419;0.014758568;0.02501518;0.008568682;-0.068487165;-0.013399688;0.036045928;-0.001643921;0.039013091;0.043342483;0.047619625;-0.017502645;0.054116182;-0.043327353;-0.217917921;-0.000561306;0.04737138;0.016244372;0.104031628;-0.002910633;-10.3602436;-9.520915191
Cercosaura_ocellata;Cercosaura_ocellata;10.76;5.43;4.4;2.12;1.84;1.37;2.02;2.59;2.36;7.27;11.09;12.19;35.14;6.96;4.31;125.74;3.07;7.06;4.71;17.38;24.25;45.91;Ground-dwelling;Forest;23.5;15.68;1563;68;580;0.031000051;-0.021645009;-0.023820617;-0.000907237;0.040562699;-0.037282206;-0.045815738;0.064408168;0.013297308;0.018694943;0.019259128;0.01698673;-0.005972326;0.055175048;-0.062479471;0.152760149;-0.072630678;0.054058686;0.108017064;0.100577249;0.01875455;-7.054601459;-3.927638248
Cercosaura_olivacea;Cercosaura_olivacea;9.89;5.42;4.56;1.88;1.69;1.38;2.32;2.54;2.41;7.23;10.95;12.09;34.41;5.95;4.14;128.2;3.3;7.2;3.87;16.49;23.26;44.3;Ground-dwelling;Forest;22.3;25.52;1195;42;332;0.00901766;-0.006914711;0.008392411;-0.024191839;0.002688038;-0.024039379;0.031385882;0.072171687;0.031629027;0.031761631;0.029115946;0.02766772;0.000598711;0.001455964;-0.061225096;0.177562816;-0.023951939;0.079371857;0.032685918;0.091862196;0.013492784;-7.435578508;-4.47864546
Cercosaura_oshaughnessyi;Cercosaura_oshaughnessyi;10.95;5.82;5;1.87;1.89;1.25;2.22;2.35;2.29;6.98;11.66;12.12;34.83;6.91;5.11;100.61;3.92;6.61;3.83;14.88;21.26;45.77;Ground-dwelling;Forest;25.7;3.85;3133;17;67;0.03985385;0.00980686;0.033125524;0.011904248;-0.012707858;-0.076230015;-0.003354167;0.023564758;0.001010159;0.002338847;0.042341449;0.015705496;-0.008478439;0.053273529;0.013066683;0.057329897;0.034997356;0.026891488;0.019048649;0.034337912;-0.037295406;-8.649242366;-3.527135317
Cercosaura_quadrilineata;Cercosaura_quadrilineata;8.64;4.92;3.65;1.87;1.67;1.27;1.72;1.71;2.18;5.56;9.06;10.1;28.96;5.32;3.36;88.32;3.37;5.62;3.26;13.07;17.79;37.6;Ground-dwelling;Forest;19.1;27.54;1289;42;732;0.017554735;0.022392272;-0.01156389;0.033323421;0.066074469;-0.013792314;-0.020185285;-0.025115141;0.030451379;-0.011273247;0.017451868;0.015058955;-0.002223764;0.018874105;-0.065843616;0.09101284;0.064646434;0.048879565;0.004030312;0.055750304;-0.043959009;-6.605572326;1.123185778
Cercosaura_schreibersii;Cercosaura_schreibersii;11;5.46;4.46;1.94;1.78;1.39;1.9;2.77;2.53;7.24;11.04;12.36;33.21;5.87;3.93;150.53;3.56;6.12;4.37;17.46;23.42;44.2;Ground-dwelling;Shrubland;24.2;9.23;1294;82;712;0.056140436;-0.002738171;-0.000180321;-0.000794645;0.017237396;-0.020265275;-0.054268198;0.110845156;0.053316603;0.033340776;0.033644171;0.03816252;-0.013823945;-0.003513003;-0.082647097;0.248335305;0.010079501;0.009853384;0.0860881;0.117579273;0.01728282;-12.31907145;-5.970681815
Cnemidophorus_lemniscatus;Cnemidophorus_lemniscatus;15.92;9.09;8.82;3.65;2.27;2.09;4.72;4.06;3.59;12.47;17.2;19.22;50.58;10.07;14.26;154;6.55;12.06;5.24;27.8;53.87;66.51;Ground-dwelling;Savanna;26.8;3.3;2324;49;31;0.049184512;0.040856189;0.104783646;-0.051396376;0.128002357;0.041434161;0.14558221;0.091116428;0.099675493;0.092470607;0.050219164;0.066685869;-0.010691226;0.066352778;0.262668259;0.070643324;0.076806544;0.112312113;0.050713664;0.158020377;0.232064225;-28.41776743;0.379436343
Colobodactylus_dalcyanus;Colobodactylus_dalcyanus;8.17;5.37;4.39;2.38;2.36;1.55;2.21;1.86;1.98;5.67;9.39;10.15;39.44;5.59;3.61;109.08;3.56;5.78;3.14;11.19;16.86;47.61;Ground-dwelling;Forest;17;22.69;1802;69;1121;-0.103494952;-0.042289221;-0.041819146;0.09328752;0.076235365;0.006057728;-0.024156098;-0.095908997;-0.07234718;-0.105005778;-0.068665997;-0.077073573;0.028183958;-0.054661946;-0.158527983;0.07434001;-0.025942905;-0.049914629;-0.078237925;-0.105018071;-0.152177853;18.31304059;10.52725752
Colobodactylus_taunayi;Colobodactylus_taunayi;8.26;5.15;4.12;2.07;2.33;1.3;2.06;1.85;1.81;5.88;9.2;10.24;40.99;4.96;3.88;80.55;3.39;5.65;3.54;11.23;18.72;49.25;Ground-dwelling;Forest;20.8;24.92;2114;44;229;-0.112619677;-0.075190206;-0.085230364;0.074785146;0.00205933;-0.079897483;-0.070870523;-0.113647014;-0.120087039;-0.103880891;-0.09212913;-0.086766432;0.030041831;-0.120227755;-0.14497363;-0.072886772;-0.063608525;-0.07571811;-0.035631078;-0.11685825;-0.11891099;26.55718742;5.628158568
Colobosaura_modesta;Colobosaura_modesta;9.14;6.01;4.18;2.16;2.47;1.42;2.19;1.84;2.05;5.69;9.88;10.75;38.94;6.91;4.15;75.91;3.4;6.21;3.52;11.14;18.87;48.08;Ground-dwelling;Forest;21.9;11.97;1487;77;904;-0.058797689;0.002337182;-0.067703134;0.109317216;0.030176157;-0.034760629;-0.032800212;-0.105070177;-0.05979751;-0.10773163;-0.050805336;-0.056054782;0.018325936;0.033449074;-0.103141576;-0.087615811;-0.05067548;-0.023369874;-0.031370878;-0.110846881;-0.106796913;13.63922386;7.173459821
Colobosauroides_cearensis;Colobosauroides_cearensis;6.41;4.13;2.75;1.55;1.84;1.23;1.39;1.26;1.77;4.11;6.9;8.07;27.94;3.69;2.38;35;2.18;4.71;2.46;8.43;12.27;34.35;Ground-dwelling;Savanna;22.5;5.59;1410;83;598;-0.075043;-0.014292607;-0.092230936;0.109983098;0.020786248;-0.002153506;-0.069483656;-0.116641084;-0.036666281;-0.103348346;-0.061893627;-0.046281045;0.021932551;-0.103612616;-0.168170937;-0.269477093;-0.080708555;0.014671302;-0.092981961;-0.098955371;-0.17277381;20.67005591;1.286506528
Contomastix_lacertoides;Contomastix_lacertoides;13.48;7.88;7.09;3.08;1.99;1.73;3.59;3.48;3.04;10.41;14.6;15.73;42.84;7.12;10.32;91.14;5.05;9.44;4.4;21.55;38.09;56.32;Ground-dwelling;Savanna;19.4;44.34;1327;15;127;0.045102798;0.051169885;0.08776327;-0.044996034;0.120893235;0.006312336;0.106233014;0.099776059;0.070437673;0.086089279;0.050665425;0.0460848;-0.009736524;-0.017238328;0.209489341;-0.08082343;0.04446451;0.084132484;0.021321878;0.113174073;0.141345379;-21.5555929;-4.69369269
Crocodilurus_amazonicus;Crocodilurus_amazonicus;31.86;18.28;17.09;5.62;4.64;3.57;8.41;8.1;7.13;23.69;32.9;35.83;99.89;24.55;29.13;299.17;15.9;21.42;10.38;50.05;80.43;131.75;Semi-aquatic;Forest;27.2;6.12;2384;57;23;0.070281958;0.04688257;0.072267528;-0.002208972;0.041563962;0.080860862;0.06967398;0.080310208;0.220997287;0.075086105;0.037499189;0.064158289;-0.0155456;0.178155694;0.214220541;0.045239889;0.130639627;0.04037641;0.156504856;0.143122316;0.16026875;-31.04566546;3.78019494
Dicrodon_guttulatum;Dicrodon_guttulatum;21.69;12.6;12.36;3.96;3.11;2.11;7.11;6.15;4.48;18.75;24.45;26.28;70.59;13.3;18.44;236.5;8.75;14.91;6.27;37.14;78.38;92.27;Ground-dwelling;Forest;16.7;3.01;1016;49;2155;0.049305454;0.040239162;0.098180307;-0.039805567;0.032237534;-0.04690659;0.167017263;0.122634235;0.111246913;0.12780568;0.06198193;0.071802976;-0.009792886;0.055367364;0.202536505;0.106668691;0.043896633;0.050514205;0.037140583;0.154386177;0.277172406;-26.87209135;-5.603089175
Dracaena_paraguayensis;Dracaena_paraguayensis;74.9;49.87;48.29;16.75;8.86;7.79;27.71;15.31;11.9;54.76;78.22;84.89;176.07;48.78;55.71;570;37.26;46.59;20.03;104.78;144.29;250.98;Ground-dwelling;Savanna;25.5;21.49;1092;57;162;0.17733537;0.202364867;0.221879205;0.032343911;0.257621655;0.237676399;0.279437119;0.063805274;0.276883919;0.159831925;0.136067265;0.181358829;-0.052602551;0.216864394;0.157653841;0.029339624;0.188108226;0.074820456;0.261839574;0.209193069;0.182279428;-65.07259543;5.604430572
Dryadosaura_nordestina;Dryadosaura_nordestina;8.68;6.01;4.19;2.09;2.14;1.97;2.17;1.61;1.86;5.27;9.1;9.77;39.62;6.14;4.27;75.24;3.39;6.33;3.91;10.45;17.33;48.3;Ground-dwelling;Forest;21.5;14.54;599;59;599;-0.083095575;0.000351022;-0.068801181;0.045288853;0.01403951;0.106127622;-0.038966949;-0.16513764;-0.10321838;-0.14301074;-0.088487022;-0.099392115;0.023838186;-0.019698716;-0.093157248;-0.093561805;-0.054167513;-0.017204359;0.012987079;-0.140420756;-0.145412326;19.88802909;13.55621415
Echinosaura_horrida;Echinosaura_horrida;15.45;7.98;6.39;2.65;2.17;1.37;2.99;3.29;2.75;9.24;15.96;16.98;46.78;9.2;5.33;90.94;4.46;8.2;4.6;22.95;36.63;62.23;Ground-dwelling;Forest;25.6;5.95;1706;112;57;0.063436086;0.013233163;-0.004066064;-0.045535516;0.015606202;-0.123201889;-0.020892092;0.030026167;0.001105425;-0.008912684;0.046369793;0.039437241;-0.015378812;0.053892097;-0.129822803;-0.127587191;-0.057859615;-0.023945856;0.012733282;0.101056415;0.088478899;-4.816001665;-12.30192886
Ecpleopus_gaudichaudii;Ecpleopus_gaudichaudii;7.41;3.99;2.64;1.11;1.58;1.04;1.23;2.08;2.11;4.8;7.65;8.22;30.15;4.93;2.66;70.2;2.58;4.58;3.85;8.82;14.09;37.56;Ground-dwelling;Forest;22.9;21.44;1322;51;75;-0.048704478;-0.068136861;-0.151754867;0.009670927;-0.160017684;-0.100262017;-0.165299803;0.060435992;0.016552448;-0.074645755;-0.055556489;-0.073965467;0.015732759;-0.01376205;-0.166742755;-0.008220473;-0.050847841;-0.039490792;0.076570973;-0.114635867;-0.144841112;19.746728;-3.457522796
Glaucomastix_abaetensis;Glaucomastix_abaetensis;13.42;6.74;6.27;2.59;1.48;1.62;2.96;3.49;3.18;10.79;14;15.2;32.42;5.1;7.69;122.35;4.12;8.39;4.13;21.99;41.29;45.85;Ground-dwelling;Shrubland;24.5;13.26;1797;49;42;0.127476378;0.07278401;0.130606062;-0.094963423;0.128050586;0.035881667;0.120749757;0.194528379;0.143150432;0.190748436;0.121018833;0.11334895;-0.040386359;-0.079337472;0.189655796;0.141491023;0.055762041;0.129630856;0.051311768;0.203269756;0.250358076;-39.61112639;-15.04987163
Gymnophthalmus_leucomystax;Gymnophthalmus_leucomystax;6.03;3.71;2.51;1.48;1.39;0.99;1.18;0.97;1.57;4.18;6.71;7.39;29.79;3.52;2.21;60.18;2.38;4.55;2.7;9.64;13.85;35.82;Ground-dwelling;Savanna;26.9;5.06;1622;76;111;-0.118761335;-0.079099605;-0.151494192;-0.027838869;-0.016073703;-0.108260873;-0.160648181;-0.24929095;-0.09957062;-0.114164874;-0.092067234;-0.101247338;0.031361172;-0.140968267;-0.222343336;-0.0533301;-0.0628994;-0.020041698;-0.0642669;-0.057273686;-0.135241128;34.18804268;2.176727296
Gymnophthalmus_underwoodi;Gymnophthalmus_underwoodi;6.39;3.92;2.82;1.52;1.5;0.99;1.2;1.27;1.73;4.5;7.39;8.07;29.69;4.2;2.3;60.07;2.49;4.43;2.86;9.49;14.56;36.09;Ground-dwelling;Shrubland;26.8;4.82;1707;72;127;-0.096656082;-0.058454485;-0.104431967;0.002366935;-0.007500656;-0.110382189;-0.156938704;-0.135672984;-0.059365076;-0.085381368;-0.053379413;-0.06601761;0.026600743;-0.067285156;-0.208948055;-0.05757202;-0.046916873;-0.035180308;-0.041363751;-0.067053515;-0.11623058;24.77839737;0.247311147
Heterodactylus_imbricatus;Heterodactylus_imbricatus;12.79;9.21;7.42;3.55;4.28;2.71;3.67;2.93;1;9.13;15.5;16.09;83.6;9.41;6.5;228.05;6.14;8.62;5.57;15.97;26.7;96.38;Ground-dwelling;Forest;17.4;22.57;1422;63;923;-0.197947906;-0.11483145;-0.143822291;0.082218456;-0.032690505;0.049469551;-0.141018842;-0.219185947;-0.551294821;-0.203601451;-0.154733764;-0.158672664;0.044518507;-0.112441116;-0.273177805;0.070861405;-0.131066372;-0.207947376;-0.026453649;-0.229380934;-0.206196697;49.91962587;21.67012626
Heterodactylus_lundii;Heterodactylus_lundii;7.15;4.07;3.23;1.69;1.99;1.26;1.88;1.62;1;4.59;7.84;8.19;43.81;4.25;2.95;108.61;2.66;4.86;3.22;8.76;13.22;50.96;Ground-dwelling;Savanna;17.8;21.12;1579;76;1122;-0.189285068;-0.192252288;-0.206892994;-0.006765331;-0.099699952;-0.103112043;-0.126895992;-0.186821053;-0.386587376;-0.22622974;-0.176300434;-0.197415144;0.043937526;-0.201062916;-0.28189261;0.041248599;-0.185470403;-0.157179029;-0.08631934;-0.23822856;-0.282262144;59.62099604;9.637473889
Holcosus_festivus;Holcosus_festivus;16.86;9.45;8.45;2.3;2.09;2.01;3.61;4.71;3.76;13.67;18.18;19.6;45.36;8.03;11.69;125.93;4.99;11.06;3.71;30.66;58.03;62.22;Ground-dwelling;Terrestrial;18.8;3.35;1803;36;1954;0.10143105;0.086731998;0.117364971;-0.061787529;-0.045847445;0.043318999;0.061020745;0.185924238;0.137002113;0.16125347;0.102999997;0.101819815;-0.028695359;-0.00511548;0.211348824;0.013860839;-0.009016032;0.106070984;-0.080605717;0.226909414;0.288352355;-30.78172134;-18.53672846
Holcosus_orcesi;Holcosus_orcesi;17.5;9.87;8.53;2.84;2.46;2.52;4.31;4.43;3.55;13.89;18.65;20.03;46.88;10.01;13.29;151.69;5.89;11.54;4.52;31.59;56.84;64.39;Ground-dwelling;Shrubland;13.9;7.01;589;20;2714;0.103558569;0.090702731;0.105419086;-0.004103761;0.032007234;0.131839298;0.121602912;0.143721444;0.103182036;0.15333793;0.099320726;0.097552041;-0.029446453;0.076800161;0.249071208;0.078950734;0.046382095;0.108402298;-0.004424051;0.226332842;0.267023062;-36.94261406;-6.403291454
Holcosus_septemlineatus;Holcosus_septemlineatus;24.54;13.73;12.78;4.13;3.13;3.2;6.66;5.38;4.57;19.34;25.46;27.38;65.7;15.74;19.7;219.43;9.77;16.51;5.16;41.81;83.36;90.24;Ground-dwelling;Forest;13.9;7.01;589;20;2714;0.112039746;0.087217585;0.123100248;-0.028517451;0.05940589;0.140245221;0.149256375;0.074655254;0.125634935;0.150896909;0.089142311;0.098496532;-0.031194254;0.137477462;0.242914693;0.0843462;0.102566048;0.10524386;-0.04125872;0.214619975;0.311926584;-38.38790341;-2.891884076
Iphisa_elegans;Iphisa_elegans;8.58;5.06;4.1;1.82;2.27;1.57;1.93;1.95;2.1;5.53;9.42;10.71;39.34;5.55;4.16;98.38;3.03;5.85;3.53;10.35;16.59;47.92;Ground-dwelling;Forest;23.4;13.49;1549;70;520;-0.084890182;-0.070936577;-0.074536112;0.073920367;-0.042870627;0.009792304;-0.086093568;-0.078337948;-0.048470533;-0.118674922;-0.070075803;-0.056342394;0.024229227;-0.06039389;-0.100347302;0.026522259;-0.09909608;-0.047738269;-0.029207064;-0.141473817;-0.161523464;21.03312249;5.227197061
Kentropyx_altamazonica;Kentropyx_altamazonica;16.77;8.61;7.95;2.92;2.54;2.4;3.6;4.58;3.16;13.1;18.61;19.29;44;8.37;11.94;147.44;5.57;10.8;5.17;28.99;53.59;60.77;Ground-dwelling;Terrestrial;24.4;13.58;1387;70;205;0.108772655;0.056562127;0.101907026;0.03191401;0.067255547;0.126995301;0.071088211;0.184489134;0.067595968;0.152970095;0.123307839;0.104314252;-0.031553051;0.022388541;0.232911469;0.093171999;0.050168107;0.106827072;0.070102339;0.211908423;0.262265088;-37.88293933;-6.448020374
Kentropyx_calcarata;Kentropyx_calcarata;22.13;12.17;11;3.49;3.13;3.01;5.04;5.8;3.86;17.62;24.74;25.39;57.33;12.72;18.03;201.33;8.56;14.78;6.14;40.33;71.12;79.46;Ground-dwelling;Forest;24.2;10.88;1576;11;56;0.119296761;0.09018535;0.117479443;0.02011505;0.037254548;0.149599489;0.089027751;0.165138769;0.085187435;0.165551594;0.131473267;0.116538857;-0.03446945;0.096182011;0.271197504;0.105361446;0.106809095;0.116989767;0.069821684;0.249266742;0.28871987;-43.38841828;-4.282804854
Kentropyx_pelviceps;Kentropyx_pelviceps;27.33;16.06;14.41;4.01;3.71;3.72;6.88;6.32;4.66;20.5;28.67;30.33;66.95;16.43;21.34;220.33;9.24;17.23;6;45.78;89.45;94.29;Ground-dwelling;Forest;26.2;5.7;1915;58;113;0.140808184;0.136192497;0.154694372;0.028529403;0.029009707;0.193236329;0.142383752;0.12463066;0.122757524;0.157177884;0.121804096;0.125400284;-0.042302561;0.138433905;0.254606807;0.065969471;0.057063718;0.103139125;0.011970736;0.236657881;0.326758046;-46.06958081;-5.392960087
Kentropyx_vanzoi;Kentropyx_vanzoi;15.86;8.87;8.09;2.83;2.19;1.98;3.62;4.39;3.27;12.58;17.17;19.03;43.58;7.64;12.33;137.67;5.52;9.66;4.87;25.92;42.06;59.43;Ground-dwelling;Savanna;25.7;13.42;1504;68;165;0.093682894;0.079183137;0.119919754;-0.023951996;0.062592985;0.049747894;0.084153059;0.176225142;0.088219609;0.145037485;0.097934494;0.107326586;-0.025919722;-0.008266084;0.258569765;0.073631972;0.057059528;0.068864565;0.050373499;0.172110829;0.165070612;-34.45815664;-8.99364039
Kentropyx_viridistriga;Kentropyx_viridistriga;16.31;9.79;9.1;3.25;2.44;2.29;4.39;4.65;3.49;12.85;18.07;19.6;50.26;10.26;13.62;152.57;6.14;10.48;5.23;27.64;45.73;66.56;Ground-dwelling;Forest;19;43.04;913;82;637;0.059387358;0.072748058;0.118004883;-0.02031968;0.077291754;0.080911072;0.113745496;0.149701699;0.087212241;0.105181773;0.071325227;0.074888404;-0.013777818;0.074168099;0.242331528;0.066246763;0.048369367;0.050972739;0.049674003;0.155216504;0.16064815;-30.14021696;-2.083840467
Leposoma_annectans;Leposoma_annectans;7.3;4.13;3.04;1.62;1.44;0.97;1.35;1.71;2.13;4.91;7.6;8.42;26.12;4.56;3.46;42.93;2.39;4.72;2.85;9.27;13.9;33.42;Ground-dwelling;Forest;24.1;10;1627;19;115;-0.007326777;-0.00235134;-0.035849181;0.014020225;0.050967046;-0.097533316;-0.069043842;0.028462981;0.050834215;-0.014219723;-0.008108261;-0.016879574;0.004741518;-0.000622961;0.008730225;-0.16818386;-0.027463179;0.028498239;-0.021399767;-0.046851269;-0.10873102;3.159976849;-5.412912689
Leposoma_nanodactylus;Leposoma_nanodactylus;6.55;3.86;2.52;1.42;1.43;0.94;1.3;1.68;1.98;4.2;7.25;7.89;24.62;3.16;1.83;47.25;1.99;4.38;2.91;8.69;11.2;31.16;Ground-dwelling;Forest;23.7;11.3;576;87;664;-0.025705732;-0.001251594;-0.084564829;0.037760313;0.021795247;-0.09139764;-0.051962628;0.052609141;0.03721719;-0.051722884;0.001571497;-0.017147971;0.009827381;-0.131708869;-0.231154841;-0.094399003;-0.07306922;0.028953512;0.007220966;-0.047227629;-0.177342649;10.18882065;-8.428917499
Leposoma_scincoides;Leposoma_scincoides;8.93;5.29;4.34;1.76;1.72;1.01;2.05;1.96;2.29;5.29;9.22;10.44;30.46;5.47;3.77;68.79;3;5.64;3.55;11.92;17.69;39.39;Ground-dwelling;Forest;24.1;10;1627;19;115;0.012827727;0.033649172;0.041874996;0.028356636;0.021111041;-0.126412556;0.033807743;0.013000846;0.039809797;-0.053037394;0.005024936;0.010862161;-0.000730998;0.012224325;-0.040244793;-0.038871419;-0.008404888;0.02855427;0.028040632;-0.002636911;-0.063135497;-3.74698779;-4.011354032
Loxopholis_guianense;Loxopholis_guianense;7.47;4.53;3.48;1.18;1.76;0.97;1.65;2.01;2.43;5.2;7.95;8.87;27.67;5.81;3.69;59.51;2.75;5.38;3.7;10.98;15.73;35.14;Ground-dwelling;Forest;27.2;6.12;2384;57;23;-0.01790131;0.015963156;-0.000622021;0.081985778;-0.10677398;-0.111710095;-0.005884088;0.075846985;0.095089782;-0.011035874;-0.010168233;-0.014312862;0.00772274;0.08438213;0.010347545;-0.049393606;0.009146366;0.061741205;0.077928649;0.006829424;-0.073068273;-3.347759537;-2.136381465
Loxopholis_osvaldoi;Loxopholis_osvaldoi;6.9;4.28;2.87;1.67;1.46;1.03;1.49;1.65;1.97;4.47;7.67;8.3;25.41;4.28;2.24;55.09;2.33;4.55;3.01;10.19;13.26;32.31;Ground-dwelling;Forest;26.2;5.7;1915;58;113;-0.017954233;0.027837672;-0.045038498;0.032922934;0.077702345;-0.061926045;-0.010044421;0.028307245;0.025651129;-0.040362776;0.010420635;-0.009622268;0.007617124;-0.014544111;-0.16237428;-0.044365544;-0.022132881;0.028449973;0.011763813;0.007597919;-0.117052825;2.079873249;-2.364026681
Loxopholis_parietalis;Loxopholis_parietalis;7.21;4.46;3.12;1.59;1.54;1;1.58;1.87;2.08;4.59;7.39;8.24;26;4.22;2.39;51.69;2.46;4.6;3.01;10.86;14;33.21;Ground-dwelling;Forest;25;5.65;1996;73;231;-0.01013042;0.033775853;-0.021619186;0.045588112;0.045374795;-0.082524396;0.00229276;0.070174242;0.042147164;-0.040758157;-0.01756268;-0.023746752;0.005511851;-0.031737382;-0.14864046;-0.084644459;-0.011870634;0.02027798;0.004083892;0.024391038;-0.103350491;1.959323685;-3.965822851
Loxopholis_percarinatum;Loxopholis_percarinatum;7.37;4.13;3.13;1.77;1.4;0.93;1.6;1.91;1.99;4.74;7.74;8.43;26.05;4.53;3.06;51.54;2.49;4.81;3.28;10.33;14.72;33.41;Ground-dwelling;Forest;25.3;4.97;2138;70;138;-0.003059473;-0.002221142;-0.02303842;0.001900171;0.089545206;-0.115737563;0.004885432;0.076636294;0.021385037;-0.029393245;-5.20E-05;-0.016244559;0.00370759;-0.003369108;-0.044467419;-0.088662949;-0.009516677;0.036842032;0.039712871;0.000287639;-0.083730367;-0.084020541;-3.477511582
Macropholidus_annectens;Macropholidus_annectens;9.92;6.14;4.25;1.98;1.89;1.22;2.08;1.85;2.01;6.4;10.47;11.58;35.23;7.57;6.22;126.1;4.68;7.28;4.42;14.29;23.26;45.14;Ground-dwelling;Forest;16.7;3.01;1016;49;2155;0.002632986;0.039082194;-0.030971335;0.017202594;0.017669093;-0.082864901;-0.025018211;-0.074030144;-0.052046949;-0.029333071;0.001558728;0.001447347;0.002571742;0.098471843;0.105708715;0.161766617;0.118675209;0.075338435;0.085146475;0.022247083;0.006736359;-7.273434859;7.700324081
Micrablepharus_atticolus;Micrablepharus_atticolus;6.58;4.29;3.39;1.61;1.87;1.02;1.59;1.54;1.74;4.96;7.26;8.37;28.8;4.71;3.65;50.79;3.03;5.62;3.47;11.05;15.86;35.37;Ground-dwelling;Forest;21.2;10.17;1573;76;1087;-0.075670331;-0.010516041;-0.015053677;0.105820793;0.025555928;-0.091724582;-0.025089566;-0.042794332;-0.051653435;-0.034383394;-0.05240841;-0.042116769;0.022239038;-0.009399819;0.002190866;-0.121200296;0.048094117;0.07762769;0.048232758;0.007009993;-0.071840393;6.071322682;6.58374144
Micrablepharus_maximiliani;Micrablepharus_maximiliani;6.74;4.25;2.98;1.45;1.76;1.1;1.42;1.39;1.89;4.65;7.33;8.13;26.76;5.08;2.95;55.69;2.71;5;2.96;10.53;15.99;33.5;Ground-dwelling;Savanna;25;7.62;1813;82;532;-0.042969835;0.00904735;-0.045625051;0.100256416;0.001862057;-0.043587769;-0.048232206;-0.062605315;-0.001701547;-0.038883893;-0.024847579;-0.033056085;0.014203732;0.045313254;-0.061778399;-0.056265134;0.025949319;0.052402033;-0.005621253;0.007552069;-0.048757341;4.306817182;4.501419549
Neusticurus_bicarinatus;Neusticurus_bicarinatus;20.47;11.2;10.25;3.28;2.98;1.61;4.72;5.11;2.97;14.37;21.91;23;71.7;14.57;12.08;157.06;8.96;11.31;5.89;30.29;48.06;92.17;Semi-aquatic;Forest;25.1;7.7;1943;78;334;0.024608251;-0.010441599;0.017393003;-0.057935168;-0.049149332;-0.164056851;-0.010391976;0.042673005;-0.066994384;0.012730871;0.014812449;0.014338561;-0.002540373;0.095411871;0.019411501;-0.07059906;0.054722187;-0.068990964;0.010291451;0.066272276;0.065140946;-2.888936144;-5.365316352
Neusticurus_tatei;Neusticurus_tatei;17.81;10.18;9.58;3.27;3.33;1.91;4.43;4.24;2.84;13.27;19.56;19.97;58.39;13.33;10.81;161.79;7.23;10.77;5.2;27.77;44.82;76.2;Semi-aquatic;Forest;25.4;4.4;1942;60;354;0.042151928;0.030868146;0.077050894;0.063029269;0.025761998;-0.036099604;0.053026893;0.048122191;-0.037253929;0.060562365;0.047484253;0.028986589;-0.008102749;0.13339213;0.071008842;0.029636223;0.053779075;-0.000771159;0.009366872;0.103777393;0.103268154;-16.87363838;0.56501056
Nothobachia_ablephara;Nothobachia_ablephara;5.06;2.67;2.25;1;1.3;1.27;1.16;0.86;1;3.25;5.22;6;41.51;2.64;1.79;42.21;1.9;1;2.43;1;6.64;46.57;Fossorial;Savanna;24.2;17.31;531;41;300;-0.302512797;-0.336143428;-0.321768447;-0.15723813;-0.291492213;-0.074231161;-0.293532389;-0.420882375;-0.36330389;-0.337138753;-0.314149153;-0.296566801;0.060105912;-0.37157724;-0.451593233;-0.327850571;-0.287933953;-0.801457479;-0.183387491;-1.14511589;-0.548923165;112.1385283;11.37579638
Pholidobolus_montium;Pholidobolus_montium;9.64;5.9;4.89;2.04;1.97;1.5;2.45;2.51;2.26;6.66;11.3;12.37;38.44;7.67;6.45;98.59;4.4;6.79;4.44;17.08;25.36;48.08;Ground-dwelling;Forest;15.1;1.89;1181;46;2576;-0.035666851;-0.005685278;0.000429443;0.011086489;0.005352573;-0.010957715;0.015921758;0.029785722;-0.017442932;-0.039369667;0.007516163;0.004906454;0.012713368;0.07876639;0.088370042;0.025918064;0.061298279;0.0154083;0.069469429;0.074755795;0.021580436;-4.42070071;6.334064168
Pholidobolus_vertebralis;Pholidobolus_vertebralis;12.43;7.92;5.91;2.71;2.76;1.9;2.68;2.74;2.38;8.96;14.11;14.57;39.95;8.62;5.75;88.79;4.69;8.89;4.9;22.1;31.65;52.38;Ground-dwelling;Forest;17;1.93;2163;55;1819;0.039613733;0.084921411;0.042634102;0.124784328;0.094370596;0.067507183;0.01394274;0.028919478;-0.017113967;0.052360893;0.067074006;0.04178308;-0.008197107;0.094989614;-0.006467866;-0.058874227;0.047499223;0.092163534;0.088338271;0.1527933;0.086994494;-20.69280793;2.974810706
Pholidoscelis_chrysolaemus;Pholidoscelis_chrysolaemus;28.81;15.08;16.21;4.07;3.36;4.05;8.71;5.92;5.19;22.53;30.52;32.33;79.5;17.84;23.96;240.15;12.86;20.52;5.64;46.26;89.02;108.31;Ground-dwelling;Savanna;25.7;11.17;934;56;136;0.106887159;0.048539467;0.140961189;-0.067496917;-0.020082542;0.190989372;0.178547226;0.033213186;0.133710238;0.138140591;0.089260187;0.097765869;-0.028605593;0.118377714;0.232162447;0.039740727;0.133441616;0.113850809;-0.05365073;0.186380472;0.274804407;-35.08550425;-1.893684124
Pholidoscelis_dorsalis;Pholidoscelis_dorsalis;18.39;9.39;8.84;2.3;1.71;2.3;4.31;4.52;3.59;14;19.27;20.58;47.88;10.03;10.72;183;6.38;11.69;4.35;30.67;62.71;66.27;Ground-dwelling;Terrestrial;22.8;10.68;2100;51;602;0.113305056;0.056530638;0.107458548;-0.173044201;-0.071114235;0.084036904;0.107845579;0.139372326;0.100609838;0.144298038;0.101129314;0.097821741;-0.032927243;0.06607975;0.140640354;0.147233242;0.067138139;0.100479096;-0.029117857;0.202118625;0.299354327;-30.52709426;-12.95432474
Pholidoscelis_erythrocephalus;Pholidoscelis_erythrocephalus;30.59;14.63;17.45;4.38;3.99;4.95;9.22;7.33;6.7;23.15;31.26;33.51;79.91;21.26;24.23;277;14.08;19.08;5.92;50.9;89.27;110.5;Ground-dwelling;Terrestrial;25.8;10.99;1364;30;156;0.124717501;0.026673435;0.163608492;-0.000515668;0.003776466;0.272484709;0.193690684;0.116894623;0.239443764;0.141259531;0.091043427;0.105339108;-0.035168804;0.186486269;0.226525351;0.092548176;0.163100439;0.072839318;-0.0382038;0.219978076;0.268822092;-42.88162604;1.465765738
Pholidoscelis_exsul;Pholidoscelis_exsul;18.84;8.85;9.25;2.38;1.91;2.15;5.08;3.7;3.92;14.58;18.34;20.83;47.92;9.68;13.54;162.5;6.71;10.43;4.64;30.43;61.87;66.76;Ground-dwelling;Terrestrial;25.4;12.45;1803;27;36;0.120784399;0.02760333;0.123701581;-0.127823076;-0.059216792;0.052666503;0.175710441;0.049086438;0.136897414;0.158736581;0.07647426;0.10012324;-0.035802018;0.047688084;0.238198792;0.092253626;0.085469251;0.047485019;-0.003148385;0.195794186;0.29084789;-32.49796029;-9.843318401
Pholidoscelis_fuscatus;Pholidoscelis_fuscatus;37.32;17.99;19.14;5;3.94;2.98;10.77;8.03;6.2;30.08;38.72;39.88;104.47;17.09;27.1;301;14.25;26.29;6.47;61.91;115.39;141.79;Ground-dwelling;Terrestrial;23.6;9.81;2678;31;382;0.10887262;0.007986452;0.087109263;-0.101305262;-0.038628165;-0.018337205;0.141986414;0.043152178;0.141317701;0.146987761;0.076609709;0.081333305;-0.028350677;-0.008723231;0.144314051;0.014173647;0.047460113;0.094815528;-0.069317266;0.206442638;0.290602996;-25.11057291;-14.54489518
Pholidoscelis_lineolatus;Pholidoscelis_lineolatus;11.04;5.9;4.75;1.85;1.34;1.31;2.29;2.91;1.93;8.32;11.26;12.97;34.14;5.44;7.71;96.71;3.69;8.15;3.27;17.49;31.21;45.18;Ground-dwelling;Shrubland;25.5;10.62;892;69;205;0.048727301;0.021380485;0.016918965;-0.132493007;-0.012179262;-0.052203646;0.016330523;0.122288431;-0.069914628;0.084226621;0.032768974;0.050324987;-0.011466635;-0.045381762;0.19850795;0.046116295;0.015026399;0.123948189;-0.045975634;0.109654468;0.134101826;-11.59635145;-11.2679741
Pholidoscelis_maynardi;Pholidoscelis_maynardi;14.07;6.64;5.56;1.63;1.27;1.48;2.57;2.35;2.02;10.93;14.31;14.63;38.78;6.85;9;118.5;4.76;8.31;4.21;22;41.23;52.84;Ground-dwelling;Shrubland;25.8;16.33;706;52;5;0.089852472;0.004560314;0.012030842;-0.215663497;-0.129914435;-0.04345467;-0.008438692;-0.041738358;-0.090599461;0.134885716;0.069420986;0.040075522;-0.024948604;-0.00834753;0.183518909;0.062466103;0.049695237;0.058751526;0.019980164;0.147366726;0.198689126;-12.85740327;-12.34779356
Pholidoscelis_plei;Pholidoscelis_plei;16.14;7.73;7.05;2.55;1.44;2;3.64;4.83;3.35;12.79;14.7;16.98;41.92;6.18;11.3;141.28;5.84;10.65;3.95;23.5;50.39;58.06;Ground-dwelling;Terrestrial;27;11.11;979;31;17;0.110843572;0.029585528;0.071071258;-0.197118157;0.026691311;0.06070092;0.09769468;0.228310758;0.104744584;0.162329454;0.040525745;0.067140694;-0.032536403;-0.090980761;0.232922557;0.095579921;0.092837706;0.122203169;-0.034039079;0.138764611;0.25193443;-26.73988653;-14.29833049
Pholidoscelis_polops;Pholidoscelis_polops;18.15;9.11;8.42;2.84;1.58;2.27;4.6;4.45;3.31;13.88;18.97;20.48;41.2;10.74;11.11;153;6.45;9.81;4.56;25.45;56.56;59.35;Ground-dwelling;Terrestrial;26;11.03;1169;39;84;0.15280852;0.09136393;0.137913509;-0.16522409;0.064664608;0.109489079;0.188846246;0.182733034;0.093848007;0.188329778;0.141811657;0.139755772;-0.049717761;0.140187192;0.214027549;0.120102474;0.125333078;0.07618982;0.022185917;0.164696195;0.294195256;-44.93588977;-9.563860498
Placosoma_cordylinum;Placosoma_cordylinum;8.6;4.26;3.02;1.2;1.27;0.85;1.37;1.63;1.89;5.76;8.79;9.62;25.46;2.88;2.49;74;1.63;4.29;2.72;10.91;15.8;34.06;Ground-dwelling;Forest;20.3;21.61;1563;59;520;0.0560729;0.002855516;-0.047590232;-0.047789955;-0.086967157;-0.160244668;-0.07172495;-0.000969502;-0.005986406;0.046904732;0.046897542;0.033406862;-0.014709522;-0.207832861;-0.144099862;0.059578756;-0.20286794;-0.021905786;-0.0469782;0.016393895;-0.059911722;4.760950455;-24.32620902
Placosoma_glabellum;Placosoma_glabellum;10.55;5.39;4.22;1.36;1.58;1.33;1.91;2.49;1.99;7.65;11.39;12.17;35.08;4.95;4.29;108.87;3.44;5.68;3.38;14.94;20.74;45.63;Ground-dwelling;Forest;17.3;22.93;2404;41;740;0.024947976;-0.022194575;-0.03909884;-0.064729389;-0.149783109;-0.048422999;-0.067209335;0.050088988;-0.059180456;0.043471805;0.033485968;0.018717043;-0.004026048;-0.09036588;-0.061289492;0.093003321;-0.020245391;-0.037521194;-0.034377091;0.037296781;-0.046948023;2.62934561;-11.77254008
Potamites_ecpleopus;Potamites_ecpleopus;14.21;7.89;6.91;2.59;2.22;1.37;3.35;3.02;3.15;8.88;14.63;15.33;45.57;9.34;6.99;96.54;5.35;8.4;4.85;19.92;30.64;59.77;Ground-dwelling;Forest;25;4.31;1622;66;173;0.043635289;0.025854636;0.048780422;-0.020223899;0.021820587;-0.111808238;0.047762247;0.011174021;0.070507954;-0.008701202;0.025951665;0.01115141;-0.009034938;0.076690546;0.009090535;-0.083118923;0.040709123;0.005484361;0.046991629;0.055509688;0.025438184;-9.906544588;-4.190079844
Potamites_strangulatus;Potamites_strangulatus;14.42;8.43;7.08;2.93;2.6;1.75;3.84;3.83;3.13;10.23;16.36;16.96;47.42;9.52;6.78;119.5;5.2;9.44;4.78;24.13;37.46;61.84;Ground-dwelling;Forest;25;4.89;3199;17;278;0.036049971;0.03979297;0.04340751;0.035381375;0.0617469;-0.015108469;0.090773248;0.098887218;0.058941971;0.038014119;0.059827751;0.041436437;-0.006714658;0.071272468;-0.022021564;-0.006088141;0.011856118;0.040168345;0.031160704;0.125316662;0.100471042;-16.62599474;-3.275947644
Procellosaurinus_erythrocercus;Procellosaurinus_erythrocercus;5.86;3.29;2.45;1.2;1.39;0.99;1.09;0.99;1.63;3.57;5.98;6.79;22.04;3.04;2;43.69;1.97;3.98;2.66;7.96;13.41;27.9;Fossorial;Savanna;26.6;10.57;584;96;374;-0.028749297;-0.022565324;-0.04509966;0.06768359;-0.007034024;-0.037673051;-0.075652608;-0.126824274;-0.018698045;-0.074436905;-0.034472409;-0.038216542;0.010315483;-0.104028348;-0.134590822;-0.077687347;-0.023891909;0.039323719;-0.000899765;-0.041642474;-0.05938323;11.52639367;0.31362503
Proctoporus_bolivianus;Proctoporus_bolivianus;10.03;6.44;4.88;2.28;2.56;1.72;2.55;1.82;2.22;6.14;11.17;12.13;44.33;6.08;5.81;79.72;4.38;7.45;5.05;15.8;23.39;54.36;Ground-dwelling;Forest;9.1;13.84;724;85;3717;-0.068766187;-0.021060205;-0.057891945;0.077931421;0.004469667;0.013800694;-0.025388741;-0.165628234;-0.056927891;-0.127850329;-0.050379376;-0.052635429;0.020678065;-0.071553145;-0.021428348;-0.122704302;-0.000183923;-0.002028183;0.091061901;-0.007611632;-0.057694796;12.19624217;10.32587736
Proctoporus_guentheri;Proctoporus_guentheri;6.82;4.22;3.23;1.52;1.42;1.06;1.67;1.15;1.87;3.95;6.95;8.23;29.36;4.17;2.57;42.88;2.93;5.41;3.19;9.41;13.03;36.18;Ground-dwelling;Forest;17.1;7.92;1223;68;2359;-0.069393548;-0.027511685;-0.046643768;-0.022388095;-0.008498598;-0.081415098;-0.0145941;-0.179911198;-0.026213316;-0.143075622;-0.081111704;-0.058486114;0.02065204;-0.071401206;-0.162049646;-0.205118269;0.022544162;0.050442119;0.00536468;-0.071714839;-0.165343402;19.88784302;4.152069454
Psilops_paeminosus;Psilops_paeminosus;5.29;3.14;1.95;1.28;1.11;1.08;1.05;0.81;1.22;3.31;5.45;5.97;26.61;3.52;1.56;51.49;1.76;3.82;2.74;6.81;10.17;31.89;Fossorial;Savanna;25.1;9.76;661;89;498;-0.127984081;-0.100984014;-0.206764506;-0.081105158;-0.032561626;-0.037643368;-0.155786646;-0.274743145;-0.179073461;-0.165174807;-0.132343187;-0.147499977;0.033407417;-0.094177089;-0.312632216;-0.067708784;-0.137634094;-0.041345808;-0.025394645;-0.162256001;-0.227569122;44.75348509;6.640687603
Rhachisaurus_brachylepis;Rhachisaurus_brachylepis;7.39;4.22;3.04;1.47;1.49;1.29;1.47;1.63;1.09;4.57;7.64;8.6;42.08;3.92;2.51;54.71;2.43;4.48;3.1;8.56;12.78;49.47;Ground-dwelling;Forest;18.9;18.28;1550;82;1139;-0.162782341;-0.163624065;-0.219339159;-0.121088323;-0.148379505;-0.084510187;-0.219551035;-0.170657458;-0.341491099;-0.215272603;-0.174743128;-0.164348148;0.039480926;-0.224217908;-0.336470304;-0.242931714;-0.210362313;-0.178584258;-0.094518535;-0.236526432;-0.286289134;63.01367814;-0.680201348
Riama_anatoloros;Riama_anatoloros;10.35;6.07;4.99;2.55;2.09;1.63;2.69;2.28;2.24;6.78;11.59;12.45;48.91;6.93;4.54;74.8;3.83;6.84;3.72;11.99;18.04;59.26;Ground-dwelling;Forest;15.4;3.24;1382;15;2265;-0.090505667;-0.08430552;-0.088588062;-0.04315476;0.018494502;-0.033920477;-0.043433851;-0.107002191;-0.07533973;-0.122172651;-0.07151866;-0.075798687;0.025449607;-0.049472832;-0.173834366;-0.18999068;-0.100292283;-0.079709518;-0.065811774;-0.161572402;-0.201531756;27.84612663;2.50802905
Riama_orcesi;Riama_orcesi;9.04;4.99;3.23;2.05;1.64;1.41;1.65;2.22;2.16;5.52;8.6;10.16;31.33;5.58;2.65;59.96;2.97;5.99;3.43;12.18;17.33;40.37;Ground-dwelling;Forest;8;4.68;1336;15;3518;0.008070829;-0.002397499;-0.097909207;-0.001722325;0.077505703;0.011543072;-0.072209848;0.055925196;0.008076352;-0.045198694;-0.035791277;-0.010760212;0.00069968;0.010976589;-0.206235036;-0.10981679;-0.024681326;0.043146814;0.006236923;-0.002982103;-0.080904101;5.551387366;-2.306884111
Riama_simotera;Riama_simotera;16.14;10.02;8.43;2.77;2.25;1.62;3.92;2.34;2.34;8.92;16.99;17.76;63.01;9.09;7.08;72.62;5.51;8.78;5.29;16.9;25.21;79.15;Ground-dwelling;Shrubland;8.5;3.67;731;44;3537;-0.016178744;0.007463122;0.003743078;-0.121752475;-0.061524892;-0.11834776;-0.0182481;-0.227296228;-0.13117369;-0.128396278;-0.030049568;-0.037119587;0.008275938;-0.048167352;-0.132713886;-0.335696305;-0.082618372;-0.107352152;0.006201663;-0.126929285;-0.160293023;20.4428965;-4.290395525
Riama_striata;Riama_striata;10.84;6.51;5.2;2.46;1.99;1.48;2.79;2.68;2.62;7.33;11.91;13.32;48.19;7.52;7.47;102.7;4.04;6.44;3.86;16.87;22.8;59.03;Ground-dwelling;Forest;13.4;2.93;863;40;2615;-0.068822641;-0.052221388;-0.068865974;-0.062961402;0.004447548;-0.074747843;-0.02572297;-0.035034293;-0.006281359;-0.086613947;-0.058015558;-0.044910591;0.020717839;-0.012422499;0.044470857;-0.050536615;-0.075224789;-0.104051256;-0.04868038;-0.011739003;-0.098434702;15.74244549;0.38232589
Salvator_merianae;Salvator_merianae;48.47;33.63;30.68;9.03;8.66;7.58;14.88;13.04;9.69;41.58;58.55;59.42;155.44;42.68;65.22;471;30.27;47.29;13.77;95.31;167.12;203.9;Ground-dwelling;Terrestrial;21.5;20.19;1263;80;588;0.073485687;0.121632976;0.122066818;0.101843002;0.072531917;0.284493051;0.108712089;0.088554473;0.241354734;0.130237632;0.099745668;0.109410642;-0.015429231;0.242490748;0.335106951;0.041855029;0.198572378;0.178978342;0.157163449;0.250188921;0.320794627;-49.15393309;11.48344308
Scriptosaura_catimbau;Scriptosaura_catimbau;5.58;2.72;2.44;0.87;1.37;1.58;1.07;0.83;1;3.57;5.58;6.2;40.02;3.26;2.43;40.75;2.19;3.33;2.86;1;3.09;45.59;Fossorial;Savanna;21.1;16.7;813;54;810;-0.251310781;-0.31883289;-0.276611174;-0.126330655;-0.343451374;0.026630189;-0.318439688;-0.426633554;-0.35780686;-0.287141539;-0.276025857;-0.273831559;0.053576863;-0.271400372;-0.307680338;-0.333374682;-0.215934631;-0.269012929;-0.106682609;-1.136707076;-0.873482848;97.77504951;13.71390008
Stenolepis_ridleyi;Stenolepis_ridleyi;10.12;6.06;4.78;2.24;2.77;1.86;2.21;2.38;2.38;6.75;10.54;11.66;39.65;7.6;5.93;69.14;3.87;6.76;4.57;14.05;22.5;49.77;Ground-dwelling;Forest;22.8;13.41;792;107;600;-0.028724655;-0.009094242;-0.025613354;0.145893963;0.03212872;0.072705138;-0.045366276;-0.009016793;-0.003903298;-0.048503857;-0.037599704;-0.034562893;0.0109914;0.060875331;0.033738278;-0.144044591;-0.011188139;-0.002758397;0.072345933;-0.023714273;-0.042812136;0.764361563;9.149008266
Teius_teyou;Teius_teyou;21.72;13.78;13.61;4.46;3.54;2.69;7.07;5.87;5.3;17.97;24.97;26.27;74.4;11.66;17.57;222.4;9.69;16.24;6.09;37.08;77.28;96.12;Ground-dwelling;Terrestrial;22.3;37.96;1390;36;62;0.033148699;0.061333361;0.120895688;0.000810585;0.06749834;0.047015623;0.145025822;0.08381263;0.173679234;0.091645924;0.053516454;0.055310302;-0.00492771;-0.018244566;0.160098004;0.061206204;0.068398371;0.068401537;0.013063547;0.137521891;0.256330782;-25.54622398;-2.539786751
Tretioscincus_agilis;Tretioscincus_agilis;8.26;4.99;3.87;1.93;2.3;1.29;1.89;1.79;2;5.74;9.19;9.99;33.88;6.37;4;58.67;3.3;6.67;3.52;13.42;20.78;42.15;Ground-dwelling;Forest;27.2;6.12;2384;57;23;-0.04880486;-0.021169294;-0.039586739;0.12866741;0.034020996;-0.039275018;-0.033858094;-0.057191078;-0.036499495;-0.046915438;-0.025556739;-0.035322248;0.015720789;0.051109256;-0.050061045;-0.13907027;0.000162187;0.069557701;0.005424309;0.022063758;-0.017576876;5.1715161;5.754021652
Tupinambis_quadrilineatus;Tupinambis_quadrilineatus;39.14;27.87;22.5;7.15;6.64;4.82;12.13;12.31;8.43;32.9;45.96;47.13;116.25;27.34;41.36;375.33;21.89;34.6;10.68;69.62;121.28;155.39;Ground-dwelling;Savanna;24.3;12.74;1480;64;345;0.092006442;0.158244816;0.114500486;0.09035376;0.080009798;0.164620284;0.14984787;0.187054523;0.251080716;0.146232953;0.111608714;0.117292866;-0.022200288;0.158455959;0.279866428;0.067973527;0.189496294;0.171034843;0.122747133;0.221203434;0.27927977;-50.00575243;2.731032095
Tupinambis_teguixin;Tupinambis_teguixin;51.93;38.99;30.94;8.58;7.55;7.1;14.6;13.29;10.34;40.8;62.88;61.99;157.31;39.27;52.82;372;30.47;42.57;15.41;88.25;156.95;209.23;Ground-dwelling;Terrestrial;26.6;4.61;1807;77;259;0.092853123;0.1746329;0.11365958;0.032407698;0.039992299;0.248792767;0.088126601;0.085070345;0.262882004;0.110836048;0.119618051;0.117492972;-0.021575823;0.195937601;0.229984659;-0.072469049;0.188924838;0.121179396;0.19881899;0.206562836;0.284245954;-47.06213181;4.931189386
Vanzosaura_multiscutata;Vanzosaura_multiscutata;5.83;3.85;2.81;1.46;1.54;1.11;1.51;1.15;1.7;4.17;7.11;7.22;28.56;4.01;1.91;41.03;2.39;4.41;2.58;8.31;12.78;34.39;Ground-dwelling;Savanna;24;11.81;797;81;521;-0.116709547;-0.045288252;-0.083401778;0.032241104;-0.0056589;-0.047064399;-0.034077848;-0.156842892;-0.054491426;-0.097558218;-0.049374335;-0.095082223;0.030952901;-0.067963192;-0.26432519;-0.200977892;-0.041331252;-0.014458239;-0.072622683;-0.105642057;-0.155506126;26.17171918;4.071895746
Vanzosaura_rubricauda;Vanzosaura_rubricauda;5.93;3.3;2.23;0.92;1.14;0.84;0.95;1.3;1.66;4.16;6.44;6.86;26.95;3.53;1.82;37.56;1.68;4.08;2.72;9.07;13.74;32.88;Ground-dwelling;Savanna;25.8;10.1;649;89;420;-0.090917298;-0.092700369;-0.162796911;-0.081210194;-0.188233191;-0.155424061;-0.213866849;-0.08318385;-0.053226953;-0.079151849;-0.073020361;-0.099361114;0.025485968;-0.105254279;-0.261726958;-0.218740896;-0.172655959;-0.027124041;-0.037122168;-0.049883142;-0.107899776;36.38986434;-12.00434543
